e2eee3f0,Today only: Select Kindle reads for $4.99 or less,0.99,4.99,https://www.amazon.com/deal/e2eee3f0,Deal Of The Day,16 hour(s) 20 minute(s) 24 second(s)
b1650af1,$50 Amazon Gift Card with Microsoft 365 Family,0,0,https://www.amazon.com/deal/b1650af1,Deal Of The Day,16 hour(s) 20 minute(s) 23 second(s)
fe338c83,Up to 30% off Health Care products by Amazon Basic Care,3.86,18.97,https://www.amazon.com/deal/fe338c83,Best Deal,19 day(s) 16 hour(s) 20 minute(s) 23 second(s)
8a051d97,Save on Mrs. Meyer's Clean Day Products,7.72,15.99,https://www.amazon.com/deal/8a051d97,Best Deal,4 day(s) 16 hour(s) 20 minute(s) 23 second(s)
0a4c9734,Up to 14% off Instax Mini 11 Instant Cameras,59.95,69.95,https://www.amazon.com/deal/0a4c9734,Best Deal,6 day(s) 16 hour(s) 20 minute(s) 23 second(s)
331bec92,Up to 20% off Coleman Holiday Essentials,7.98,173.23,https://www.amazon.com/deal/331bec92,Best Deal,4 day(s) 16 hour(s) 20 minute(s) 23 second(s)
8a34c9db,Save on select Samsung Audio products,0,0,https://www.amazon.com/deal/8a34c9db,Best Deal,6 day(s) 16 hour(s) 20 minute(s) 23 second(s)
864bba9f,DEWALT 20V Max Cordless 10-Tool Combo Kit,0,0,https://www.amazon.com/deal/864bba9f,Best Deal,4 day(s) 16 hour(s) 20 minute(s) 23 second(s)
95125820,Save on select titles from EA,0,0,https://www.amazon.com/deal/95125820,Best Deal,4 day(s) 16 hour(s) 20 minute(s) 23 second(s)
097a7ae6,"29% off ZeroWater 10-cup water pitcher, filter and TDS meter",0,0,https://www.amazon.com/deal/097a7ae6,Best Deal,7 day(s) 16 hour(s) 20 minute(s) 23 second(s)
8fca4759,Up to 15% off Men's & Women's Fashion from Amazon Brands,10.95,63.6,https://www.amazon.com/deal/8fca4759,Best Deal,35 day(s) 16 hour(s) 20 minute(s) 23 second(s)
a27efe86,Up to 60% off on Egyptian Cotton Bed Sheets,46.63,101.99,https://www.amazon.com/deal/a27efe86,Best Deal,6 day(s) 16 hour(s) 5 minute(s) 24 second(s)
de20aff4,"OxGord Windshield Snow Cover - Original Design - Best for Ice, Frost & Snow Removal - All Weather Winter & Summer Front Window Automotive Covers Sun & Snow-Shade - Fits Truck SUV Van Car Accessories",0,0,https://www.amazon.com/deal/de20aff4,Best Deal,6 day(s) 16 hour(s) 5 minute(s) 24 second(s)
b17f4207,Save on Select Melissa & Doug toys,0,0,https://www.amazon.com/deal/b17f4207,Best Deal,3 day(s) 16 hour(s) 20 minute(s) 23 second(s)
570bce80,Save on select digital Steam titles from EA,7.99,39.99,https://www.amazon.com/deal/570bce80,Best Deal,9 day(s) 15 hour(s) 20 minute(s) 24 second(s)
2cea8811,"Glycolic Acid 20% Resurfacing Pads for Face & Body with Vitamins B5, C & E, Green Tea, Calendula, Allantoin - Exfoliates Surface Skin and Reduces Fine Lines and Wrinkles - Peel Pads",0,0,https://www.amazon.com/deal/2cea8811,Best Deal,6 day(s) 16 hour(s) 5 minute(s) 24 second(s)
bb669bfc,Up to 80% off Holiday Decor - Boxing Day Deal,3.29,158.28,https://www.amazon.com/deal/bb669bfc,Best Deal,4 day(s) 16 hour(s) 20 minute(s) 23 second(s)
4b295584,Digital Multimeter Tester Voltage Meter - Auto-Ranging USB Rechargeable Battery TRMS 6000 Counts Protable Multi Volt Meter with LCD Display & 6 Test Lead Clamp Fast Accurately Measures for Automotive,0,0,https://www.amazon.com/deal/4b295584,Lightning Deal,10 hour(s) 20 minute(s) 24 second(s)
2c4ca694,Up to 70% off select Christmas Trees,15.41,815.9,https://www.amazon.com/deal/2c4ca694,Best Deal,4 day(s) 16 hour(s) 20 minute(s) 23 second(s)
5a05ed40,"Anker Power Strip with USB, PowerPort Cube USB with 3 Outlets and 3 USB Ports, 5 ft Extension Cord, Portable Design, Overload Protection for iPhone Xs/XR, Compact for Travel, Cruise Ship, and Office",16.99,25.49,https://www.amazon.com/deal/5a05ed40,Best Deal,6 day(s) 16 hour(s) 5 minute(s) 24 second(s)
4680b515,Up to 20% Off Samsung Phones,699.99,1049.99,https://www.amazon.com/deal/4680b515,Best Deal,4 day(s) 16 hour(s) 20 minute(s) 23 second(s)
67246a71,VIKTOR JURGEN Neck Massage Pillow Shiatsu Deep Kneading Shoulder Back and Foot Massager with Heat-Relaxation Gifts for Women/Men/Dad/Mom,0,0,https://www.amazon.com/deal/67246a71,Best Deal,6 day(s) 16 hour(s) 5 minute(s) 24 second(s)
0a8597af,"ALORAIR Basement/Crawl Space Dehumidifiers Removal 120 PPD (Saturation), 55 Pint Commercial Dehumidifier, Energy Star Listed, 5 Years Warranty, Auto Defrosting, cETL, Optional Remote Monitoring",0,0,https://www.amazon.com/deal/0a8597af,Best Deal,6 day(s) 16 hour(s) 5 minute(s) 24 second(s)
64bc52ab,GAOMON PD1560 15.6 Inches 8192 Levels Pen Display with Arm Stand 1920 x 1080 HD IPS Screen Drawing Tablet with 10 Shortcut Keys,0,0,https://www.amazon.com/deal/64bc52ab,Best Deal,6 day(s) 16 hour(s) 5 minute(s) 24 second(s)
ee603299,Save on select digital EA sports titles for PC,23.99,39.99,https://www.amazon.com/deal/ee603299,Best Deal,15 day(s) 15 hour(s) 20 minute(s) 24 second(s)
557624fc,Projector Screen with Stand 120inch Portable Projection Screen 16:9 4K HD Rear Front Projections Movies Screen for Indoor Outdoor Home Theater Backyard Cinema Trave,0,0,https://www.amazon.com/deal/557624fc,Lightning Deal,11 hour(s) 15 minute(s) 24 second(s)
bef7130c,Up to 38% off on Medify Air Purifiers,59.99,374.25,https://www.amazon.com/deal/bef7130c,Best Deal,19 day(s) 16 hour(s) 20 minute(s) 23 second(s)
929aeb05,"BSIMB 15 Inch Large Digital Picture Frame, WiFi Photo Frame Touch Screen with 16GB Storage, Auto-Rotate, Share Photos and Videos via App Email, Wall Mountable",0,0,https://www.amazon.com/deal/929aeb05,Best Deal,6 day(s) 16 hour(s) 5 minute(s) 24 second(s)
fbb1bcf1,Up to 25% off  Nespresso Coffee and Espresso Machines,127.2,519.2,https://www.amazon.com/deal/fbb1bcf1,Best Deal,16 hour(s) 20 minute(s) 23 second(s)
30bcdb9e,"Laminator Machine with Laminating Sheets 20 Pouches, WORKIZE 9-Inch Thermal Laminator, Personal 5-in-1 A4 Desktop Laminating Machine Built-in Paper Trimmer Hole Puncher and Corner Rounder",0,0,https://www.amazon.com/deal/30bcdb9e,Best Deal,6 day(s) 16 hour(s) 5 minute(s) 24 second(s)
e2eee3f0,Today only: Select Kindle reads for $4.99 or less,0.99,4.99,https://www.amazon.com/deal/e2eee3f0,Deal Of The Day,16 hour(s) 19 minute(s) 48 second(s)
2ee6f741,"Amcrest UltraHD 4K (8MP) Outdoor Bullet POE IP Camera, 3840x2160, 98ft NightVision, 2.8mm Lens, IP67 Weatherproof, MicroSD Recording, White (IP8M-2496EW-V2)",0,0,https://www.amazon.com/deal/2ee6f741,Best Deal,6 day(s) 16 hour(s) 4 minute(s) 48 second(s)
e67694e8,"Rove R2-4K Dash Cam Built in WiFi GPS Car Dashboard Camera Recorder with UHD 2160P, 2.4"" LCD, 150Â° Wide Angle, WDR, Night Vision",0,0,https://www.amazon.com/deal/e67694e8,Best Deal,6 day(s) 16 hour(s) 4 minute(s) 48 second(s)
e3cf79cb,"PHYMAT Far Infrared Amethyst Heating Pad (67""x27"")- 5 Color Natural Crystal Heat Mat - Amethyst Infrared Heating Mat with Auto Shut Off - EMF Free,Overheat Protection,Smart Control",85.84,306.84,https://www.amazon.com/deal/e3cf79cb,Lightning Deal,11 hour(s) 44 minute(s) 48 second(s)
fc632b62,"Cast Iron Skillet Set -Dual Handle Frying Pans + Glass Lids + Silicone Handle Holder Covers - Pre-seasoned Oven Safe Cookware - Indoor/Outdoor Use - Grill, Stovetop, Induction Safe",14.44,46.74,https://www.amazon.com/deal/fc632b62,Lightning Deal,11 hour(s) 59 minute(s) 48 second(s)
3e2d5596,GEMYSE Women's Mountain Waterproof Ski Snow Jacket Winter Windproof Rain Jacket,0,0,https://www.amazon.com/deal/3e2d5596,Lightning Deal,11 hour(s) 54 minute(s) 48 second(s)
b97f16d6,"eureka NEU182A PowerSpeed Bagless Upright Vacuum Cleaner, Lite, Blue",0,0,https://www.amazon.com/deal/b97f16d6,Lightning Deal,4 hour(s) 24 minute(s) 48 second(s)
de47fec7,Lamincoa Womens Air Running Shoes Athletic Women Sneakers Non Slip Womens Tennis Shoes,0,0,https://www.amazon.com/deal/de47fec7,Lightning Deal,11 hour(s) 44 minute(s) 48 second(s)
efa9be19,"PHOEPET Upgraded No Pull Dog Harness, Reflective Adjustable Vest, with a Training Handle + 2 Metal Leash Hooks+ 3 Snap Buckles +4 Slide Buckles",14.33,19.54,https://www.amazon.com/deal/efa9be19,Lightning Deal,11 hour(s) 59 minute(s) 48 second(s)
97023260,ABUSA Sheepskin Insoles Men's & Women's Premium Thick Wool Fur Fleece Inserts Cozy & Fluffy,11.04,12.74,https://www.amazon.com/deal/97023260,Lightning Deal,11 hour(s) 49 minute(s) 41 second(s)
0ecb51e4,GAOMON PD1161 11.6 Inches Tilt Support Drawing Pen Display with 8192 Levels Pressure Sensitive Battery Free Pen AP50 and 8 Shortcut Keys,0,0,https://www.amazon.com/deal/0ecb51e4,Best Deal,6 day(s) 15 hour(s) 57 minute(s) 46 second(s)
d74d4437,"LEVOIT Air Purifiers for Home Large Room, Smart WiFi and PM2.5 Monitor, H13 True HEPA Filter Removes Up to 99.99% of Particles, Pet Allergies, Smoke, Dust, Auto Mode, Alexa Control, 403 sq.ft, White",0,0,https://www.amazon.com/deal/d74d4437,Best Deal,4 day(s) 16 hour(s) 12 minute(s) 45 second(s)
8989df00,"Robot Vacuum Cleaner 11 inch Small Body 500ml Dust Box Without Roller Brush Tangle-Free Suction Very Good for Pet Hair, Hard Floors, Low Pile Carpet, Lefant M213",0,0,https://www.amazon.com/deal/8989df00,Best Deal,6 day(s) 15 hour(s) 48 minute(s) 30 second(s)
4e989c36,"5G WiFi Bluetooth Projector NIKISHAP VX-3 with 300"" Display,9500 L Native 1080P Projector Support 4K for Indoor & Outdoor, Compatible for TV Stick, Video Games, HDMI/USB/AV, iOS, Android,Window10",0,0,https://www.amazon.com/deal/4e989c36,Lightning Deal,9 hour(s) 58 minute(s) 30 second(s)
19bb1f32,"Hilor Inflatable Swimming Pool, 120""x72""x22"" Full-Sized Swimming Pools Above Ground for Kids, Adults, Garden, Backyard, Outdoor Swim Center Water Party Family Pool",0,0,https://www.amazon.com/deal/19bb1f32,Lightning Deal,11 hour(s) 58 minute(s) 39 second(s)
1c339eaf,Save on DEWALT 20V Batteries & Tools,97.99,165.12,https://www.amazon.com/deal/1c339eaf,Best Deal,23 day(s) 15 hour(s) 58 minute(s) 30 second(s)
2f0f6a3e,3 Diffusers Plus 6 Refills | Comfort Zone Multi-Cat Calming Kit (Value Pack) for a Peaceful Home | Veterinarian Recommend | Stop cat Fighting and Reduce Spraying & Other Problematic Behaviors,0,0,https://www.amazon.com/deal/2f0f6a3e,Best Deal,14 day(s) 15 hour(s) 55 minute(s) 27 second(s)
